Servers Name,Result
CV-10,Connection successful
CV-11,Connection successful
CV-12,Connection successful
CV-13,Connection successful
CV-14,Connection successful
CV-15,Connection successful
CV-16,Connection successful
CV-17,Connection successful
CV-18,Connection successful
CV-19,Connection successful
CV-20,Connection successful
CV-21,Connection successful
CV-22,Connection successful
CV-3,Connection successful
CV-4,Connection successful
CV-5,Connection successful
CV-6,Connection successful
CV-7,Connection successful
CV-8,Connection successful
CV-9,Connection successful
